{
  "OmniMedVQA": 0.7407407407407407,
  "PMC-VQA_test": 0.5425,
  "PathVQA_test": 0.5806067816775728,
  "SLAKE_test": 0.7716346153846154,
  "VQA-RAD_test": 0.6135458167330677,
  "MMMU_Medical_Validation": 0.5241379310344828,
  "The total score for multiple-choice questions": 0.6837784714995954,
  "OmniMedVQA_MR (Mag-netic Resonance Imaging)": 0.7217821782178218,
  "OmniMedVQA_ultrasound": 0.7725258493353028,
  "OmniMedVQA_OCT (Optical Coherence Tomography": 0.8666666666666667,
  "OmniMedVQA_Dermoscopy": 0.7160804020100503,
  "OmniMedVQA_CT(Computed Tomography)": 0.6549472626820693,
  "OmniMedVQA_X-Ray": 0.803729146221786,
  "OmniMedVQA_Microscopy Images": 0.7802197802197802,
  "OmniMedVQA_Fundus Photography": 0.8354632587859425,
  "MMMU_Medical_Validation_validation_Public_Health": 0.5,
  "MMMU_Medical_Validation_validation_Diagnostics_and_Laboratory_Medicine": 0.36666666666666664,
  "MMMU_Medical_Validation_validation_Pharmacy": 0.48148148148148145,
  "MMMU_Medical_Validation_validation_Basic_Medical_Science": 0.6071428571428571,
  "MMMU_Medical_Validation_validation_Clinical_Medicine": 0.6666666666666666
}